,probability
Henri Rousseau,0.057922814041376114
Kenny Scharf,0.02627645991742611
Alessandro Mendini,0.024244381114840508
Salvador Dalí,0.022174332290887833
Georgia O'Keeffe,0.018525388091802597
Canaletto,0.018426574766635895
Fernando Botero,0.017438979819417
Jean-Léon Gérôme,0.01648409478366375
Karl Friedrich Schinkel,0.016396690160036087
George Stubbs,0.016330933198332787
Nicholas Roerich,0.015201371163129807
Giorgio de Chirico,0.014663116075098515
Hiroshige,0.01305269356817007
Joseph Wright of Derby,0.012582718394696712
Johannes Vermeer,0.012239793315529823
Yokoyama Taikan,0.012233414687216282
Hiroshi Yoshida,0.011699816212058067
Félix Vallotton,0.011624797247350216
Jeong Seon,0.011460509151220322
Zhang Xiaogang,0.011323795653879642
Albert Bierstadt,0.010490390472114086
Chang Dai-chien,0.010296763852238655
Claude Lorrain,0.010026470758020878
Georges Seurat,0.009783142246305943
Max Klinger,0.009701398201286793
Sin Yun-bok,0.009465528652071953
Maruyama Ōkyo,0.009422139264643192
Alfred Eisenstaedt,0.009080734103918076
Lee Jung-seob,0.008919598534703255
Yoshitoshi,0.00860394723713398
Gordon Parks,0.008463321253657341
Tawaraya Sōtatsu,0.008426416665315628
Osamu Tezuka,0.008307825773954391
Bertel Thorvaldsen,0.008281615562736988
Edward Lear,0.007816360332071781
Edward Hopper,0.0077079362235963345
Gerhard Richter,0.007370443549007177
Caspar David Friedrich,0.007189542055130005
Xu Bing,0.007099823094904423
Walker Evans,0.007070872001349926
Diego Rivera,0.007049168460071087
Qiu Ying,0.007022500038146973
Marcel Broodthaers,0.006965006235986948
Yue Minjun,0.006856657564640045
Louis Comfort Tiffany,0.006769943051040173
Sidney Nolan,0.006708643864840269
Wassily Kandinsky,0.006668980233371258
Frederic Edwin Church,0.006502509117126465
Michael Ancher,0.006497112102806568
Gim Hongdo,0.0062598795630037785
Qian Xuan,0.006233932450413704
Émile Gallé,0.006154526490718126
Hokusai,0.006063872016966343
Emily Carr,0.006046950817108154
Charles Willson Peale,0.005832366645336151
Wen Zhengming,0.005800152663141489
Keisai Eisen,0.005578072275966406
Uemura Shōen,0.005527892615646124
JR,0.0054763201624155045
Zhao Mengfu,0.00518048508092761
Kobayashi Kiyochika,0.005155834369361401
Mi Fu,0.005116143263876438
Juan Gris,0.005087691824883223
August Macke,0.005071394611150026
Itō Jakuchū,0.005067709367722273
Winslow Homer,0.005045880563557148
Fornasetti,0.00501757487654686
Théophile Steinlen,0.004974469542503357
Alfred Stieglitz,0.004802251234650612
Tang Yin,0.0047398097813129425
Sandro Botticelli,0.004610852804034948
Paul Gauguin,0.004552262369543314
Toyohara Chikanobu,0.004492263309657574
Lorenzo Lotto,0.0044227964244782925
Frederic Leighton,0.0043860021978616714
Stanford White,0.004384130239486694
Vincent van Gogh,0.004363174084573984
Sol LeWitt,0.0042625186033546925
Paul Signac,0.004181628581136465
Leonardo da Vinci,0.00416981428861618
Douglas Coupland,0.004101228434592485
Claude Monet,0.004090890754014254
Utagawa Toyokuni,0.004020721185952425
Hieronymus Bosch,0.003951557446271181
Mario Testino,0.003903471166267991
Frida Kahlo,0.003893994027748704
Kara Walker,0.0038469259161502123
Ogata Kōrin,0.0037526204250752926
Albrecht Altdorfer,0.00375117314979434
Marià Fortuny,0.0036860473919659853
Giovanni Bellini,0.003558393334969878
Peder Severin Krøyer,0.0034306657034903765
George Bellows,0.00338548980653286
Bada Shanren,0.003338754177093506
Jean-Baptiste Oudry,0.003307244274765253
Shitao,0.003273343201726675
J. M. W. Turner,0.0032702996395528316
Jan van Eyck,0.003171321703121066
Emperor Huizong of Song,0.0031704148277640343
Lewis Hine,0.0031463042832911015
Toyohara Kunichika,0.0031279742252081633
Santiago Rusiñol,0.0030840078834444284
Utagawa Kuniyoshi,0.0030590789392590523
Anna Ancher,0.0030323227401822805
Giotto,0.002957618795335293
Graciela Iturbide,0.0028121133800596
Jean Auguste Dominique Ingres,0.002810415346175432
Ogata Kenzan,0.002687988569959998
Victor Vasarely,0.0026492776814848185
Jacques-Louis David,0.002597251906991005
Eadweard Muybridge,0.002573632402345538
Amrita Sher-Gil,0.0025496934540569782
Alvar Aalto,0.0025487160310149193
Harunobu Suzuki,0.0025309547781944275
William-Adolphe Bouguereau,0.00252928608097136
Gustave Caillebotte,0.0025264201685786247
Torii Kiyonaga,0.002505376236513257
Gustave Courbet,0.0024831907358020544
Duchenne de Boulogne,0.0023578384425491095
René Lalique,0.0023512658663094044
Henry Fox Talbot,0.0022917394526302814
Dong Qichang,0.0021933726966381073
Anders Zorn,0.0021834340877830982
Mary Cassatt,0.002165538026019931
Pieter Bruegel the Elder,0.00214090826921165
David Teniers the Younger,0.0021327072754502296
Gustav Klimt,0.002127967309206724
Thomas Gainsborough,0.0020835811737924814
L. S. Lowry,0.0020145722664892673
William Blake,0.001959834946319461
Titian,0.0019252916099503636
Edward Burne-Jones,0.0019221915863454342
Michelangelo,0.001903603901155293
Benjamin West,0.0018358228262513876
Annibale Carracci,0.0017982597928494215
Edvard Munch,0.001778927049599588
Jan Steen,0.0017060957616195083
Pierre-Auguste Renoir,0.0017021028324961662
Caravaggio,0.0016883122734725475
Edgar Degas,0.001683796290308237
Johan Christian Dahl,0.0016757778357714415
Shepard Fairey,0.0016407070215791464
El Lissitzky,0.0016394044505432248
Fra Angelico,0.0016119524370878935
Diego Velázquez,0.0015533596742898226
John Constable,0.0015396118396893144
Camille Pissarro,0.0014954934595152736
Ford Madox Brown,0.001495030359365046
George Romney,0.0014922781847417355
Giorgio Vasari,0.0014815577305853367
Kunisada,0.0014649280346930027
Raphael,0.0014625337207689881
Ma Yuan,0.0014284703647717834
Jacob van Ruisdael,0.0014039012603461742
Norman Rockwell,0.0013506612740457058
Ilya Repin,0.0013292974326759577
Shinsui Itō,0.0013250410556793213
Franz Marc,0.0012904233299195766
John Singer Sargent,0.0012875739485025406
Andrea Mantegna,0.0012636070605367422
Childe Hassam,0.001247862703166902
José Guadalupe Posada,0.001232559559866786
Clyfford Still,0.0011773837031796575
Gilbert Stuart,0.0011772697325795889
William Hogarth,0.0011573502561077476
Jean-Honoré Fragonard,0.0011477117659524083
Giovanni Battista Tiepolo,0.001145385205745697
Eugène Atget,0.0011331659043207765
Joshua Reynolds,0.0010960455983877182
Pietro da Cortona,0.0010483416263014078
John Everett Millais,0.0010455952724441886
Antonio Canova,0.0010451291454955935
John Singleton Copley,0.0010406262008473277
Odilon Redon,0.0010096457554027438
Paolo Veronese,0.0009938667062669992
Nicolas Poussin,0.0009840662823989987
Rembrandt,0.0009666382684372365
Marcantonio Raimondi,0.0009659670176915824
Dante Gabriel Rossetti,0.0009027969790622592
Jamini Roy,0.0008735822630114853
Francisco de Zurbarán,0.0008722611819393933
Arthur Streeton,0.0008682367624714971
Jan Brueghel the Elder,0.000859794148709625
William Morris,0.0008447178988717496
Albrecht Dürer,0.0008192126406356692
Amedeo Modigliani,0.0008159403805620968
Jean-Antoine Watteau,0.0008029258460737765
William Merritt Chase,0.0007967514102347195
Eugène Boudin,0.0007817764417268336
Mathew Brady,0.0007765645859763026
Charles-François Daubigny,0.0007630209438502789
Thomas Eakins,0.0007563094259239733
Tintoretto,0.0007412739796563983
Lucas Cranach the Elder,0.0007293845992535353
Édouard Manet,0.0007260505808517337
Frederic Remington,0.000724349170923233
Giovanni Domenico Tiepolo,0.0007205742294900119
Henri de Toulouse-Lautrec,0.0007037819596007466
Francisco Goya,0.0006801534909754992
Ramon Casas,0.0006508118822239339
Guido Reni,0.000604284752625972
Henry Fuseli,0.0005992580554448068
Auguste Rodin,0.0005955150700174272
Wenceslaus Hollar,0.0005774075980298221
Joaquín Sorolla,0.0005484508001245558
Gian Lorenzo Bernini,0.0005289746914058924
James Abbott McNeill Whistler,0.000528204720467329
Paul Klee,0.0005194650148041546
Rogier van der Weyden,0.0005100429989397526
Hans Holbein the Younger,0.0005046675796620548
Édouard Vuillard,0.0005000801174901426
Eugène Delacroix,0.0004866252129431814
Abraham Bloemaert,0.00046953963465057313
Honoré Daumier,0.0004630644107237458
Ernst Ludwig Kirchner,0.00043324349098838866
Berthe Morisot,0.0004294977989047766
Pierre Bonnard,0.00039420626126229763
Peter Paul Rubens,0.0003778846003115177
Luca Giordano,0.0003757212543860078
Frans Hals,0.00035637462860904634
Giovanni Battista Piranesi,0.00033389500458724797
Alfred Sisley,0.0003333842323627323
Paul Cézanne,0.00032655103132128716
Jean-Baptiste-Camille Corot,0.00032046023989096284
Qi Baishi,0.00030522659653797746
Jean-Baptiste-Siméon Chardin,0.000301755266264081
Julia Margaret Cameron,0.00030054504168219864
Lucio Fontana,0.0002452656044624746
Guercino,0.00024486807524226606
Charles Le Brun,0.00024478082195855677
Thomas Rowlandson,0.000239504937781021
Gustave Moreau,0.0002196329878643155
Jean-François Millet,0.000217925597098656
Kawanabe Kyōsai,0.00021759730589110404
Utamaro,0.00021555017156060785
Henri Fantin-Latour,0.00020974015933461487
Bronzino,0.00020657053391914815
Bartolomé Esteban Murillo,0.00019246723968535662
Hubert Robert,0.00018396007362753153
François Boucher,0.00018256891053169966
El Greco,0.00017235989798791707
Anthony van Dyck,0.00016596486966591328
Egon Schiele,0.00015766944852657616
Lovis Corinth,0.00012840954877901822
Jacob Jordaens,0.00012266745034139603
Jusepe de Ribera,0.0001218261822941713
Martin Schongauer,8.872826583683491e-05
Félicien Rops,8.15790772321634e-05
Hendrick Goltzius,7.008534157648683e-05
